Name,Service Line,Band,Gender,Answer1,Answer2,Answer3,Answer4,Answer5
Ethan Clarke,Application Operations,5,Male,TRUE,TRUE,FALSE,TRUE,FALSE
Olivia Grant,Business Applications,6,Female,TRUE,TRUE,TRUE,FALSE,TRUE
Liam Porter,Business Operations,7,Male,FALSE,TRUE,TRUE,TRUE,FALSE
Ava Mitchell,Cyber Security,8,Female,TRUE,FALSE,TRUE,TRUE,FALSE
Noah Ramirez,Hybrid Cloud and Data,9,Male,TRUE,TRUE,FALSE,TRUE,TRUE
Emma Collins,Strategy & Transformation,10,Female,TRUE,TRUE,TRUE,FALSE,TRUE
Mason Wright,Application Operations,6,Male,TRUE,TRUE,FALSE,TRUE,TRUE
Sophia Adams,Business Applications,7,Female,TRUE,FALSE,TRUE,TRUE,TRUE
Lucas Hayes,Business Operations,8,Male,TRUE,TRUE,TRUE,FALSE,FALSE
Isabella Foster,Cyber Security,9,Female,TRUE,FALSE,TRUE,TRUE,FALSE
Logan Brooks,Hybrid Cloud and Data,10,Male,TRUE,TRUE,FALSE,TRUE,FALSE
Mia Bennett,Strategy & Transformation,5,Female,TRUE,TRUE,TRUE,FALSE,FALSE
James Cooper,Application Operations,6,Male,TRUE,TRUE,FALSE,TRUE,FALSE
Charlotte Murphy,Business Applications,7,Female,FALSE,TRUE,TRUE,TRUE,FALSE
Benjamin Ward,Business Operations,8,Male,TRUE,FALSE,TRUE,TRUE,TRUE
Amelia Perry,Cyber Security,9,Female,TRUE,TRUE,TRUE,FALSE,FALSE
Elijah Hughes,Hybrid Cloud and Data,10,Male,TRUE,TRUE,FALSE,TRUE,TRUE
Harper Bryant,Strategy & Transformation,5,Female,TRUE,FALSE,TRUE,TRUE,FALSE
Alexander Russell,Application Operations,6,Male,TRUE,TRUE,TRUE,FALSE,TRUE
Evelyn Coleman,Business Applications,7,Female,TRUE,TRUE,FALSE,TRUE,TRUE
Jacob Stone,Business Operations,8,Male,TRUE,FALSE,TRUE,TRUE,TRUE
Abigail Burns,Cyber Security,9,Female,TRUE,TRUE,TRUE,FALSE,FALSE
Michael Lowe,Hybrid Cloud and Data,10,Male,FALSE,TRUE,TRUE,TRUE,FALSE
Emily Hawkins,Strategy & Transformation,5,Female,TRUE,TRUE,FALSE,TRUE,FALSE
Daniel Holland,Application Operations,6,Male,TRUE,TRUE,TRUE,FALSE,FALSE
Elizabeth Barrett,Business Applications,7,Female,TRUE,FALSE,TRUE,TRUE,FALSE
Henry Walsh,Business Operations,8,Male,TRUE,TRUE,FALSE,TRUE,TRUE
Sofia Parsons,Cyber Security,9,Female,TRUE,TRUE,TRUE,FALSE,TRUE
Matthew Reeves,Hybrid Cloud and Data,10,Male,TRUE,FALSE,TRUE,TRUE,FALSE
Ella Newman,Strategy & Transformation,5,Female,TRUE,TRUE,TRUE,FALSE,FALSE
Joseph Pierce,Application Operations,6,Male,TRUE,TRUE,FALSE,TRUE,FALSE
Avery Douglas,Business Applications,7,Female,TRUE,FALSE,TRUE,TRUE,FALSE
Samuel Beck,Business Operations,8,Male,TRUE,TRUE,TRUE,FALSE,FALSE
Aria Ford,Cyber Security,9,Female,TRUE,TRUE,FALSE,TRUE,FALSE
David Lynch,Hybrid Cloud and Data,10,Male,TRUE,FALSE,TRUE,TRUE,FALSE
Scarlett Page,Strategy & Transformation,5,Female,TRUE,TRUE,TRUE,FALSE,FALSE
Carter Saunders,Application Operations,6,Male,FALSE,TRUE,TRUE,TRUE,TRUE
Victoria Lambert,Business Applications,7,Female,TRUE,TRUE,FALSE,TRUE,TRUE
Wyatt Bishop,Business Operations,8,Male,TRUE,FALSE,TRUE,TRUE,TRUE
Grace Abbott,Cyber Security,9,Female,TRUE,TRUE,TRUE,FALSE,TRUE
Owen Hunt,Hybrid Cloud and Data,10,Male,TRUE,TRUE,FALSE,TRUE,TRUE
Chloe Barton,Strategy & Transformation,5,Female,TRUE,FALSE,TRUE,TRUE,FALSE
Gabriel Norris,Application Operations,6,Male,TRUE,TRUE,TRUE,FALSE,FALSE
Hannah Cross,Business Applications,7,Female,TRUE,FALSE,TRUE,TRUE,FALSE
Isaac Summers,Business Operations,8,Male,TRUE,TRUE,FALSE,TRUE,FALSE
Lily Walton,Cyber Security,9,Female,TRUE,TRUE,TRUE,FALSE,FALSE
Anthony Pratt,Hybrid Cloud and Data,10,Male,FALSE,TRUE,TRUE,TRUE,FALSE
Natalie Shepard,Strategy & Transformation,5,Female,TRUE,TRUE,FALSE,TRUE,FALSE
Dylan Todd,Application Operations,6,Male,TRUE,TRUE,TRUE,FALSE,FALSE
Zoey Briggs,Business Applications,7,Female,TRUE,FALSE,TRUE,TRUE,FALSE
Christian Blake,Business Operations,8,Male,TRUE,TRUE,FALSE,TRUE,TRUE
Penelope Mason,Cyber Security,9,Female,TRUE,TRUE,TRUE,FALSE,TRUE
Andrew Gibbs,Hybrid Cloud and Data,10,Male,TRUE,FALSE,TRUE,TRUE,TRUE
Leah Hammond,Strategy & Transformation,5,Female,TRUE,TRUE,TRUE,FALSE,FALSE
Nathan Keller,Application Operations,6,Male,TRUE,TRUE,FALSE,TRUE,FALSE
Audrey Yates,Business Applications,7,Female,TRUE,FALSE,TRUE,TRUE,FALSE
Zachary Bowman,Business Operations,8,Male,TRUE,TRUE,TRUE,FALSE,FALSE
Claire Maxwell,Cyber Security,9,Female,TRUE,TRUE,FALSE,TRUE,FALSE
Aaron Briggs,Hybrid Cloud and Data,10,Male,TRUE,FALSE,TRUE,TRUE,FALSE
Nora Doyle,Strategy & Transformation,5,Female,TRUE,TRUE,TRUE,FALSE,TRUE
Hunter Fox,Application Operations,6,Male,FALSE,TRUE,TRUE,TRUE,TRUE
Stella Horton,Business Applications,7,Female,TRUE,TRUE,FALSE,TRUE,TRUE
Jason Ball,Business Operations,8,Male,TRUE,FALSE,TRUE,TRUE,FALSE
Violet Casey,Cyber Security,9,Female,TRUE,TRUE,TRUE,FALSE,FALSE
Charles Finch,Hybrid Cloud and Data,10,Male,TRUE,TRUE,FALSE,TRUE,FALSE
Hazel Dalton,Strategy & Transformation,5,Female,TRUE,FALSE,TRUE,TRUE,FALSE
Evan Mendez,Application Operations,6,Male,TRUE,TRUE,TRUE,FALSE,FALSE
Lucy Francis,Business Applications,7,Female,TRUE,FALSE,TRUE,TRUE,FALSE
Adam Chandler,Business Operations,8,Male,TRUE,TRUE,FALSE,TRUE,TRUE
Emilia West,Cyber Security,9,Female,TRUE,TRUE,TRUE,FALSE,TRUE
Miles Stuart,Hybrid Cloud and Data,10,Male,FALSE,TRUE,TRUE,TRUE,FALSE
Ruby Watts,Strategy & Transformation,5,Female,TRUE,TRUE,FALSE,TRUE,FALSE
Gavin Lloyd,Application Operations,6,Male,TRUE,TRUE,TRUE,FALSE,TRUE
Lydia Spencer,Business Applications,7,Female,TRUE,TRUE,TRUE,TRUE,FALSE
Parker Gill,Business Operations,8,Male,TRUE,TRUE,FALSE,TRUE,FALSE
Alice Kerr,Cyber Security,9,Female,TRUE,TRUE,TRUE,FALSE,FALSE
Connor McBride,Hybrid Cloud and Data,10,Male,TRUE,FALSE,TRUE,TRUE,FALSE
Sadie Hardy,Strategy & Transformation,5,Female,TRUE,TRUE,TRUE,FALSE,FALSE
Jordan Boyd,Application Operations,6,Male,FALSE,TRUE,TRUE,TRUE,FALSE
Eliza Hammond,Business Applications,7,Female,TRUE,TRUE,FALSE,TRUE,TRUE
Maddox Turner,Business Operations,8,Male,TRUE,FALSE,TRUE,TRUE,FALSE
Faith Cooper,Cyber Security,9,Female,TRUE,TRUE,TRUE,FALSE,TRUE
Riley Matthews,Hybrid Cloud and Data,10,Male,TRUE,TRUE,FALSE,TRUE,FALSE
Paige Norman,Strategy & Transformation,5,Female,TRUE,FALSE,TRUE,TRUE,FALSE
Tristan Cole,Application Operations,6,Male,TRUE,TRUE,TRUE,FALSE,TRUE
Jasmine Rowe,Business Applications,7,Female,TRUE,FALSE,TRUE,TRUE,TRUE
Spencer Grant,Business Operations,8,Male,TRUE,TRUE,FALSE,TRUE,TRUE
Bella Harmon,Cyber Security,9,Female,TRUE,TRUE,TRUE,FALSE,FALSE
Tyler Garrison,Hybrid Cloud and Data,10,Male,FALSE,TRUE,TRUE,TRUE,FALSE
Madeline Swanson,Strategy & Transformation,5,Female,TRUE,TRUE,FALSE,TRUE,TRUE
Robert Lane,Application Operations,6,Male,TRUE,TRUE,TRUE,FALSE,FALSE
Jade Preston,Business Applications,7,Female,TRUE,FALSE,TRUE,TRUE,TRUE
Colton Reeves,Business Operations,8,Male,TRUE,TRUE,FALSE,TRUE,FALSE
Autumn Briggs,Cyber Security,9,Female,TRUE,TRUE,TRUE,TRUE,TRUE
